1,Veronica abyssinica,Blue,White,2,Low,10,12,20,4/1/2009,
2,Veronica acinifolia,Dark Purple,,6,Med,15,20,30,4/1/2009,
3,Veronica acipetala,Fushia,,72,Low,20,25,40,4/1/2009,
4,Veronica acrotheca,White,Blue,48,Med,5,12,75,4/1/2009,
5,Veronica adamsii,Medium Purple,Mint Green,2,High,5,7,92,4/1/2009,
6,Veronica agrestis,Light Purple,White,2,Med,7.5,15,150,4/1/2009,
7,Veronica alaskensis,Blue,,4,Low,19,25,200,4/1/2009,
8,Veronica alatavica,Dark Purple,,18,All,16,30,230,4/1/2009,
9,Veronica albicans,Fushia,,24,Low,12,40,85,4/1/2009,
10,Veronica albiflora,White,White,9,Med,11,15,97,4/1/2009,
11,Veronica allahuekberensis,Medium Purple,,16,High,21,35,60,4/1/2009,
12,Veronica allionii,Light Purple,,2,Med,7,12,25,4/1/2009,
13,Veronica alpina,White,White,6,Low,3,15,45,4/1/2009,prefers full sun; soil should be moist
14,Veronica americana,Dark Purple,Mint Green,72,Med,15,18,90,4/1/2009,
15,Veronica amoena,Fushia,White,48,Low,9,12,75,4/1/2009,
16,Veronica amplexicaulis,White,Blue,2,Med,16,22,60,4/1/2009,
17,Veronica anagallis-aquatica,Medium Purple,Mint Green,60,High,19,32,90,4/1/2009,
18,Veronica anagalloides,Light Purple,White,4,Med,4.8,7.5,540,4/1/2009,
19,Veronica angustissima,Blue,White,18,All,17,34,72,4/1/2009,
20,Veronica annulata,Dark Purple,,24,Med,14,40,50,4/1/2009,
21,Veronica antalyensis,Fushia,,9,Low,7,12,35,4/1/2009,
22,Veronica aphylla,White,Blue,16,Med,6,19,20,4/1/2009,
23,Veronica aragonensis,Medium Purple,Mint Green,36,High,12,18,10,4/1/2009,
24,Veronica archboldii,Light Purple,White,60,Med,9,24,0,4/1/2009,
25,Veronica arcuata,Blue,White,2,Low,10,12,20,4/1/2009,
26,Veronica arenaria,Dark Purple,,6,All,15,20,30,4/1/2009,
27,Veronica arganthera,Fushia,,72,Low,20,25,40,4/1/2009,
28,Veronica argute-serrata,White,Blue,48,Med,5,12,75,4/1/2009,
29,Veronica armena,Medium Purple,Mint Green,2,High,5,7,92,4/1/2009,
30,Veronica armstrongii,Light Purple,White,2,Med,7.5,15,150,4/1/2009,
31,Veronica arvensis,Blue,,4,Low,19,25,200,4/1/2009,
32,Veronica aucheri,Dark Purple,,18,Med,16,30,230,4/1/2009,
33,Veronica austriaca,Lavender,,20,Low,12,40,85,4/1/2009,prefers partial shade or partial sun to full sun; soil should be moist
34,Veronica avromanica,White,White,9,Med,11,15,97,4/1/2009,never full sun; allow soil to dry completely between waterings
35,Veronica aznavourii,Medium Purple,,16,High,21,35,60,4/1/2009,
36,Veronica bachofenii,Light Purple,,2,Med,7,12,25,4/1/2009,
37,Veronica balansae,Blue,Blue,6,Low,3,15,45,4/1/2009,
38,Veronica baranetzkii,Dark Purple,Mint Green,72,Med,15,18,90,4/1/2009,
39,Veronica barkeri,Fushia,White,48,Low,9,12,75,4/1/2009,
40,Veronica barrelieri,White,Blue,2,Med,16,22,60,4/1/2009,
41,Veronica baumgartenii,Medium Purple,Mint Green,60,High,19,32,90,4/1/2009,
42,Veronica baylyi,Light Purple,White,4,Med,4.8,7.5,540,4/1/2009,
43,Veronica beccabunga,Blue,White,18,Low,17,34,72,4/1/2009,
44,Veronica bellidioides,Dark Purple,,24,Med,14,40,50,4/1/2009,
45,Veronica benthamii,Fushia,,9,Low,7,12,35,4/1/2009,
46,Veronica besseya,White,Blue,16,Med,6,19,20,4/1/2009,
47,Veronica biggarii,Medium Purple,Mint Green,36,High,12,18,10,4/1/2009,
48,Veronica biloba,Light Purple,White,60,Med,9,24,0,4/1/2009,
49,Veronica birleyi,Blue,White,2,All,10,12,20,4/1/2009,
50,Veronica bishopiana,Dark Purple,,6,Low,15,20,30,4/1/2009,
51,Veronica blakelyi,Fushia,,72,Med,20,25,40,4/1/2009,
52,Veronica bogosensis,White,Blue,48,Low,5,12,75,4/1/2009,
53,Veronica bollonsii,Medium Purple,Mint Green,2,Med,5,7,92,4/1/2009,
54,Veronica bombycina,Light Purple,White,2,High,7.5,15,150,4/1/2009,
55,Veronica borisovae,Blue,,4,Med,19,25,200,4/1/2009,
56,Veronica bozakmanii,Dark Purple,,18,Low,16,30,230,4/1/2009,
57,Veronica brachysiphon,Fushia,,24,All,12,40,85,4/1/2009,
58,Veronica brassii,White,White,9,Low,11,15,97,4/1/2009,
59,Veronica breviracemosa,Medium Purple,,16,Med,21,35,60,4/1/2009,
60,Veronica brevistyla,Light Purple,,2,High,7,12,25,4/1/2009,
61,Veronica brownii,Blue,Blue,6,Med,3,15,45,4/1/2009,
62,Veronica buchananii,Dark Purple,Mint Green,72,Low,15,18,90,4/1/2009,
63,Veronica bucharica,Fushia,White,48,Med,9,12,75,4/1/2009,
64,Veronica bullii,White,Blue,2,Low,16,22,60,4/1/2009,
65,Veronica bungei,Medium Purple,Mint Green,60,Med,19,32,90,4/1/2009,
66,Veronica cachemirica,Light Purple,White,4,High,4.8,7.5,540,4/1/2009,
67,Veronica caespitosa,Blue,White,18,Med,17,34,72,4/1/2009,
68,Veronica calcicola,Dark Purple,,24,All,14,40,50,4/1/2009,
69,Veronica californica,Fushia,,9,Med,7,12,35,4/1/2009,
70,Veronica calycina,White,Blue,16,Low,6,19,20,4/1/2009,
71,Veronica campylopoda,Medium Purple,Mint Green,36,Med,12,18,10,4/1/2009,
72,Veronica cana,Light Purple,White,60,High,9,24,0,4/1/2009,
73,Veronica canbyi,Blue,White,2,Med,10,12,20,4/1/2009,
74,Veronica canterburiensis,Dark Purple,,6,Low,15,20,30,4/1/2009,
75,Veronica capillipes,Fushia,,72,All,20,25,40,4/1/2009,
76,Veronica capitata,White,Blue,48,Low,5,12,75,4/1/2009,
77,Veronica cardiocarpa,Medium Purple,Mint Green,2,Med,5,7,92,4/1/2009,
78,Veronica carminea,Light Purple,White,2,High,7.5,15,150,4/1/2009,
79,Veronica carstensensis,Blue,,4,Med,19,25,200,4/1/2009,
80,Veronica catarractae,Dark Purple,,18,Low,16,30,230,4/1/2009,
81,Veronica catenata,Fushia,,24,Med,12,40,85,4/1/2009,
82,Veronica caucasica,White,White,9,Low,11,15,97,4/1/2009,
83,Veronica ceratocarpa,Medium Purple,,16,Med,21,35,60,4/1/2009,
84,Veronica cetikiana,Light Purple,,2,High,7,12,25,4/1/2009,
85,Veronica chamaedryoides,Blue,Blue,6,Med,3,15,45,4/1/2009,
86,Veronica chamaedrys,Dark Purple,Mint Green,72,Low,15,18,90,4/1/2009,
87,Veronica chamaepithyoides,Fushia,White,48,Med,9,12,75,4/1/2009,
88,Veronica chathamica,White,Blue,2,Low,16,22,60,4/1/2009,
89,Veronica chayuensis,Medium Purple,Mint Green,60,Med,19,32,90,4/1/2009,
90,Veronica cheesemanii,Light Purple,White,4,High,4.8,7.5,540,4/1/2009,
91,Veronica chinoalpina,Blue,White,18,Med,17,34,72,4/1/2009,
92,Veronica chionantha,Dark Purple,,24,Low,14,40,50,4/1/2009,
93,Veronica ciliata,Fushia,,9,Med,7,12,35,4/1/2009,
94,Veronica ciliolata,White,Blue,16,Low,6,19,20,4/1/2009,
95,Veronica cinerea,Medium Purple,Mint Green,36,Med,12,18,10,4/1/2009,
96,Veronica cockayneana,Light Purple,White,60,High,9,24,0,4/1/2009,
97,Veronica colensoi,Blue,White,2,Med,10,12,20,4/1/2009,
98,Veronica colostylis,Dark Purple,,6,All,15,20,30,4/1/2009,
99,Veronica continua,Fushia,,72,Low,20,25,40,4/1/2009,
100,Veronica copelandii,White,Blue,48,Med,5,12,75,4/1/2009,
101,Veronica corriganii,Medium Purple,Mint Green,2,Low,5,7,92,4/1/2009,
102,Veronica crinita,Light Purple,White,2,Med,7.5,15,150,4/1/2009,
103,Veronica crista-galli,Blue,,4,High,19,25,200,4/1/2009,
104,Veronica cryptomorpha,Dark Purple,,18,Med,16,30,230,4/1/2009,
105,Veronica cuneifolia,Fushia,,24,Low,12,40,85,4/1/2009,
106,Veronica cupressoides,White,White,9,All,11,15,97,4/1/2009,
107,Veronica cusickii,Medium Purple,,16,Low,21,35,60,4/1/2009,
108,Veronica cymbalaria,Light Purple,,2,Med,7,12,25,4/1/2009,
109,Veronica czerniakowskiana,Blue,Blue,6,High,3,15,45,4/1/2009,
110,Veronica dabneyi,Dark Purple,Mint Green,72,Med,15,18,90,4/1/2009,
111,Veronica daghestanica,Fushia,White,48,Low,9,12,75,4/1/2009,
112,Veronica daranica,White,Blue,2,Med,16,22,60,4/1/2009,
113,Veronica daurica,Medium Purple,Mint Green,60,Low,19,32,90,4/1/2009,
114,Veronica davisii,Light Purple,White,4,Med,4.8,7.5,540,4/1/2009,
115,Veronica debilis,Blue,White,18,High,17,34,72,4/1/2009,
116,Veronica decora,Dark Purple,,24,Med,14,40,50,4/1/2009,
117,Veronica decorosa,Fushia,,9,All,7,12,35,4/1/2009,
118,Veronica decumbens,White,Blue,16,Med,6,19,20,4/1/2009,
119,Veronica deltigera,Medium Purple,Mint Green,36,Low,12,18,10,4/1/2009,
120,Veronica densiflora,Light Purple,White,60,Med,9,24,0,4/1/2009,
121,Veronica derwentiana,Blue,White,2,High,10,12,20,4/1/2009,
122,Veronica dichrus,Dark Purple,,6,Med,15,20,30,4/1/2009,
123,Veronica dieffenbachii,Fushia,,72,Low,20,25,40,4/1/2009,
124,Veronica dilatata,White,Blue,48,All,5,12,75,4/1/2009,
125,Veronica dillenii,Medium Purple,Mint Green,2,Low,5,7,92,4/1/2009,
126,Veronica diosmifolia,Light Purple,White,2,Med,7.5,15,150,4/1/2009,
127,Veronica diosmoides,Blue,,4,High,19,25,200,4/1/2009,
128,Veronica dissecta,Dark Purple,,18,Med,16,30,230,4/1/2009,
129,Veronica distans,Fushia,,24,Low,12,40,85,4/1/2009,
130,Veronica donii,White,White,9,Med,11,15,97,4/1/2009,
131,Veronica elliptica,Medium Purple,,16,Low,21,35,60,4/1/2009,
132,Veronica elmaliensis,Light Purple,,2,Med,7,12,25,4/1/2009,
133,Veronica emodii,Blue,Blue,6,High,3,15,45,4/1/2009,
134,Veronica epacridea,Dark Purple,Mint Green,72,Med,15,18,90,4/1/2009,
135,Veronica erinoides,Fushia,White,48,Low,9,12,75,4/1/2009,
136,Veronica eriogyne,White,Blue,2,Med,16,22,60,4/1/2009,
137,Veronica euphrasiifolia,Medium Purple,Mint Green,60,Low,19,32,90,4/1/2009,
138,Veronica evenosa,Light Purple,White,4,Med,4.8,7.5,540,4/1/2009,
139,Veronica evexa,Blue,White,18,High,17,34,72,4/1/2009,
140,Veronica fargesii,Dark Purple,,24,Med,14,40,50,4/1/2009,
141,Veronica farinosa,Fushia,,9,Low,7,12,35,4/1/2009,
142,Veronica fedtschenkoi,White,Blue,16,Med,6,19,20,4/1/2009,
143,Veronica ferganica,Medium Purple,Mint Green,36,Low,12,18,10,4/1/2009,
144,Veronica filifolia,Light Purple,White,60,Med,9,24,0,4/1/2009,
145,Veronica filiformis,Blue,White,2,High,10,12,20,4/1/2009,
146,Veronica filipes,Dark Purple,,6,Med,15,20,30,4/1/2009,
147,Veronica flavida,Fushia,,72,All,20,25,40,4/1/2009,
148,Veronica formosa,White,Blue,48,Low,5,12,75,4/1/2009,
149,Veronica forrestii,Medium Purple,Mint Green,2,Med,5,7,92,4/1/2009,
150,Veronica fragilis,Light Purple,White,2,Low,7.5,15,150,4/1/2009,
151,Veronica francispetae,Blue,,4,Med,19,25,200,4/1/2009,
152,Veronica fridericae,Dark Purple,,18,High,16,30,230,4/1/2009,
153,Veronica fruticans,Fushia,,24,Med,12,40,85,4/1/2009,
154,Veronica fruticulosa,White,White,9,Low,11,15,97,4/1/2009,
155,Veronica fuhsii,Medium Purple,,16,All,21,35,60,4/1/2009,
156,Veronica galathica,Light Purple,,2,Low,7,12,25,4/1/2009,
157,Veronica gaubae,Blue,Blue,6,Med,3,15,45,4/1/2009,
158,Veronica gentianoides,Blue,White,12,High,15,18,90,4/1/2009,
159,Veronica gibbsii,Fushia,White,48,Med,9,12,75,4/1/2009,
160,Veronica glandulosa,White,Blue,2,Low,16,22,60,4/1/2009,
161,Veronica glauca,Medium Purple,Mint Green,60,Med,19,32,90,4/1/2009,
162,Veronica glaucophylla,Light Purple,White,4,Low,4.8,7.5,540,4/1/2009,
163,Veronica gorbunovii,Blue,White,18,Med,17,34,72,4/1/2009,
164,Veronica gracilis,Dark Purple,,24,High,14,40,50,4/1/2009,
165,Veronica grandiflora,Fushia,,9,Med,7,12,35,4/1/2009,
166,Veronica grisebachii,White,Blue,16,All,6,19,20,4/1/2009,
167,Veronica grosseserrata,Medium Purple,Mint Green,36,Med,12,18,10,4/1/2009,
168,Veronica gunae,Light Purple,White,60,Low,9,24,0,4/1/2009,
169,Veronica haastii,Blue,White,2,Med,10,12,20,4/1/2009,
170,Veronica hectorii,Dark Purple,,6,High,15,20,30,4/1/2009,
171,Veronica hederifolia,Fushia,,72,Med,20,25,40,4/1/2009,
172,Veronica henryi,White,Blue,48,Low,5,12,75,4/1/2009,
173,Veronica hillebrandii,Medium Purple,Mint Green,2,All,5,7,92,4/1/2009,
174,Veronica himalensis,Light Purple,White,2,Low,7.5,15,150,4/1/2009,
175,Veronica hispidula,Blue,,4,Med,19,25,200,4/1/2009,
176,Veronica hookeri,Dark Purple,,18,High,16,30,230,4/1/2009,
177,Veronica hookeriana,Fushia,,24,Med,12,40,85,4/1/2009,
178,Veronica hulkeana,White,White,9,Low,11,15,97,4/1/2009,
179,Veronica idahoensis,Medium Purple,,16,Med,21,35,60,4/1/2009,
180,Veronica incana,Light Purple,,2,Low,7,12,25,4/1/2009,
181,Veronica inflexa,Blue,Blue,6,Med,3,15,45,4/1/2009,
182,Veronica insularis,Dark Purple,Mint Green,72,High,15,18,90,4/1/2009,
183,Veronica intercedens,Fushia,White,48,Med,9,12,75,4/1/2009,
184,Veronica ionantha,White,Blue,2,Low,16,22,60,4/1/2009,
185,Veronica jacquinii,Medium Purple,Mint Green,60,Med,19,32,90,4/1/2009,
186,Veronica japonensis,Light Purple,White,4,Low,4.8,7.5,540,4/1/2009,
187,Veronica javanica,Blue,White,18,Med,17,34,72,4/1/2009,
188,Veronica kaiseri,Dark Purple,,24,High,14,40,50,4/1/2009,
189,Veronica kellowiae,Fushia,,9,Med,7,12,35,4/1/2009,
190,Veronica khorassanica,White,Blue,16,Low,6,19,20,4/1/2009,
191,Veronica kiusiana,Medium Purple,Mint Green,36,Med,12,18,10,4/1/2009,
192,Veronica kopetdaghensis,Light Purple,White,60,Low,9,24,0,4/1/2009,
193,Veronica kopgecidiensis,Blue,White,2,Med,10,12,20,4/1/2009,
194,Veronica kotschyana,Dark Purple,,6,High,15,20,30,4/1/2009,
195,Veronica krumovii,Fushia,,72,Med,20,25,40,4/1/2009,
196,Veronica krylovii,White,Blue,48,All,5,12,75,4/1/2009,
197,Veronica kurdica,Medium Purple,Mint Green,2,Low,5,7,92,4/1/2009,
198,Veronica laeta,Light Purple,White,2,Med,7.5,15,150,4/1/2009,
199,Veronica lanceolata,Blue,,4,Low,19,25,200,4/1/2009,
200,Veronica lanosa,Dark Purple,,18,Med,16,30,230,4/1/2009,
201,Veronica lanuginosa,Fushia,,24,High,12,40,85,4/1/2009,
202,Veronica lavaudiana,White,White,9,Med,11,15,97,4/1/2009,
203,Veronica laxa,Medium Purple,,16,Low,21,35,60,4/1/2009,
204,Veronica laxissima,Light Purple,,2,All,7,12,25,4/1/2009,
205,Veronica leiocarpa,Blue,Blue,6,Low,3,15,45,4/1/2009,
206,Veronica leiophylla,Dark Purple,Mint Green,72,Med,15,18,90,4/1/2009,
207,Veronica lendenfeldii,Fushia,White,48,High,9,12,75,4/1/2009,
208,Veronica ligustrifolia,White,Blue,2,Med,16,22,60,4/1/2009,
209,Veronica lilliputiana,Medium Purple,Mint Green,60,Low,19,32,90,4/1/2009,
210,Veronica linariifolia,Light Purple,White,4,Med,4.8,7.5,540,4/1/2009,
211,Veronica linifolia,Blue,White,18,Low,17,34,72,4/1/2009,
212,Veronica lithophila,Dark Purple,,24,Med,14,40,50,4/1/2009,
213,Veronica liwanensis,Fushia,,9,High,7,12,35,4/1/2009,
214,Veronica longifolia,Blue,Pink,48,Med,6,19,20,4/1/2009,prefers partial shade or partial sun to full sun; soil should be moist
215,Veronica longipedicellata,Medium Purple,Mint Green,36,All,12,18,10,4/1/2009,
216,Veronica longipetiolata,Light Purple,White,60,Med,9,24,0,4/1/2009,
217,Veronica luetkeana,Blue,White,2,Low,10,12,20,4/1/2009,
218,Veronica lyalii,Dark Purple,,6,Med,15,20,30,4/1/2009,
219,Veronica lycica,Fushia,,72,High,20,25,40,4/1/2009,
220,Veronica lycopodioides,White,Blue,48,Med,5,12,75,4/1/2009,
221,Veronica lysimachioides,Medium Purple,Mint Green,2,Low,5,7,92,4/1/2009,
222,Veronica macrantha,Light Purple,White,2,All,7.5,15,150,4/1/2009,
223,Veronica macrocalyx,Blue,,4,Low,19,25,200,4/1/2009,
224,Veronica macrocarpa,Dark Purple,,18,Med,16,30,230,4/1/2009,
225,Veronica macropoda,Fushia,,24,High,12,40,85,4/1/2009,
226,Veronica macrostachya,White,White,9,Med,11,15,97,4/1/2009,
227,Veronica macrostemon,Medium Purple,,16,Low,21,35,60,4/1/2009,
228,Veronica macrostemonoides,Light Purple,,2,Med,7,12,25,4/1/2009,
229,Veronica magentea,Blue,Blue,6,Low,3,15,45,4/1/2009,
230,Veronica magna,Dark Purple,Mint Green,72,Med,15,18,90,4/1/2009,
231,Veronica mampodrensis,Fushia,White,48,High,9,12,75,4/1/2009,
232,Veronica masoniae,White,Blue,2,Med,16,22,60,4/1/2009,
233,Veronica mazanderanae,Medium Purple,Mint Green,60,Low,19,32,90,4/1/2009,
234,Veronica mexicana,Light Purple,White,4,Med,4.8,7.5,540,4/1/2009,
235,Veronica michauxii,Blue,White,18,Low,17,34,72,4/1/2009,
236,Veronica micrantha,Dark Purple,,24,Med,14,40,50,4/1/2009,
237,Veronica microcarpa,Fushia,,9,High,7,12,35,4/1/2009,
238,Veronica minuta,White,Blue,16,Med,6,19,20,4/1/2009,
239,Veronica miqueliana,Medium Purple,Mint Green,36,Low,12,18,10,4/1/2009,
240,Veronica mirabilis,Light Purple,White,60,Med,9,24,0,4/1/2009,
241,Veronica missurica,Blue,White,2,Low,10,12,20,4/1/2009,
242,Veronica monantha,Dark Purple,,6,Med,15,20,30,4/1/2009,
243,Veronica montana,Fushia,,72,High,20,25,40,4/1/2009,
244,Veronica montbretii,White,Blue,48,Med,5,12,75,4/1/2009,
245,Veronica monticola,Medium Purple,Mint Green,2,All,5,7,92,4/1/2009,
246,Veronica mooreae,Light Purple,White,2,Low,7.5,15,150,4/1/2009,
247,Veronica morrisonicola,Blue,,4,Med,19,25,200,4/1/2009,
248,Veronica multifida,Dark Purple,,18,Low,16,30,230,4/1/2009,
249,Veronica muratae,Fushia,,24,Med,12,40,85,4/1/2009,
250,Veronica murrellii,White,White,9,High,11,15,97,4/1/2009,
251,Veronica myosotoides,Medium Purple,,16,Med,21,35,60,4/1/2009,
252,Veronica nakaiana,Light Purple,,2,Low,7,12,25,4/1/2009,
253,Veronica nevadensis,Blue,Blue,6,All,3,15,45,4/1/2009,
254,Veronica nevskii,Dark Purple,Mint Green,72,Low,15,18,90,4/1/2009,
255,Veronica niicola,Fushia,White,48,Med,9,12,75,4/1/2009,
256,Veronica nipponica,White,Blue,2,High,16,22,60,4/1/2009,
257,Veronica nipponica,Medium Purple,Mint Green,60,Med,19,32,90,4/1/2009,
258,Veronica nivea,Light Purple,White,4,Low,4.8,7.5,540,4/1/2009,
259,Veronica notabilis,Blue,White,18,Med,17,34,72,4/1/2009,
260,Veronica notialis,Dark Purple,,24,Low,14,40,50,4/1/2009,
261,Veronica novae-hollandiae,Fushia,,9,Med,7,12,35,4/1/2009,
262,Veronica nummularia,White,Blue,16,High,6,19,20,4/1/2009,
263,Veronica nutans,Medium Purple,Mint Green,36,Med,12,18,10,4/1/2009,
264,Veronica oblongifolia,Light Purple,White,60,All,9,24,0,4/1/2009,
265,Veronica obtusata,Blue,White,2,Med,10,12,20,4/1/2009,
266,Veronica ochracea,Dark Purple,,6,Low,15,20,30,4/1/2009,
267,Veronica odora,Fushia,,72,Med,20,25,40,4/1/2009,
268,Veronica oetaea,White,Blue,48,High,5,12,75,4/1/2009,
269,Veronica officinalis,Medium Purple,Mint Green,2,Med,5,7,92,4/1/2009,
270,Veronica olgensis,Light Purple,White,2,Low,7.5,15,150,4/1/2009,
271,Veronica oligosperma,Blue,,4,All,19,25,200,4/1/2009,
272,Veronica oltensis,Dark Purple,,18,Low,16,30,230,4/1/2009,
273,Veronica oltensis,Fushia,,24,Med,12,40,85,4/1/2009,
274,Veronica onoei,White,White,9,High,11,15,97,4/1/2009,
275,Veronica opaca,Medium Purple,,16,Med,21,35,60,4/1/2009,
276,Veronica orbelica,Light Purple,,2,Low,7,12,25,4/1/2009,
277,Veronica orbiculata,Blue,Blue,6,Med,3,15,45,4/1/2009,
278,Veronica orchidea,Dark Purple,Mint Green,72,Low,15,18,90,4/1/2009,
279,Veronica orientalis,Fushia,White,48,Med,9,12,75,4/1/2009,
280,Veronica ornata,White,Blue,2,High,16,22,60,4/1/2009,
281,Veronica orsiniana,Medium Purple,Mint Green,60,Med,19,32,90,4/1/2009,
282,Veronica ovata,Light Purple,White,4,Low,4.8,7.5,540,4/1/2009,
283,Veronica oxycarpa,Blue,White,18,Med,17,34,72,4/1/2009,
284,Veronica paederotae,Dark Purple,,24,Low,14,40,50,4/1/2009,
285,Veronica panormitana,Fushia,,9,Med,7,12,35,4/1/2009,
286,Veronica papuana,White,Blue,16,High,6,19,20,4/1/2009,
287,Veronica pareora,Medium Purple,Mint Green,36,Med,12,18,10,4/1/2009,
288,Veronica parnkalliana,Light Purple,White,60,Low,9,24,0,4/1/2009,
289,Veronica parviflora,Blue,White,2,Med,10,12,20,4/1/2009,
290,Veronica pauciramosa,Dark Purple,,6,Low,15,20,30,4/1/2009,
291,Veronica paysonii,Fushia,,72,Med,20,25,40,4/1/2009,
292,Veronica pectinata,White,Blue,6,High,5,12,75,4/1/2009,prefers partial shade or partial sun to full sun; soil should be dry to moist
293,Veronica peduncularis,Medium Purple,Mint Green,2,Med,5,7,92,4/1/2009,prefers partial shade or partial sun to full sun; soil should be moist
294,Veronica pentasepala,Light Purple,White,2,All,7.5,15,150,4/1/2009,
295,Veronica perbella,Blue,,4,Low,19,25,200,4/1/2009,
296,Veronica peregrina,Dark Purple,,18,Med,16,30,230,4/1/2009,
297,Veronica perfoliata,Fushia,,24,Low,12,40,85,4/1/2009,
298,Veronica persica,White,White,9,Med,11,15,97,4/1/2009,
299,Veronica petraea,Medium Purple,,16,High,21,35,60,4/1/2009,
300,Veronica petriei,Light Purple,,2,Med,7,12,25,4/1/2009,
301,Veronica phormiiphila,Blue,Blue,6,Low,3,15,45,4/1/2009,
302,Veronica pimeleoides,Dark Purple,Mint Green,72,All,15,18,90,4/1/2009,
303,Veronica pinguifolia,Fushia,White,48,Low,9,12,75,4/1/2009,
304,Veronica pinnata,White,Blue,2,Med,16,22,60,4/1/2009,
305,Veronica piroliformis,Medium Purple,Mint Green,60,High,19,32,90,4/1/2009,
306,Veronica planopetiolata,Light Purple,White,4,Med,4.8,7.5,540,4/1/2009,
307,Veronica plantaginea,Blue,White,18,Low,17,34,72,4/1/2009,
308,Veronica platycarpa,Dark Purple,,24,Med,14,40,50,4/1/2009,
309,Veronica plebeia,Fushia,,9,Low,7,12,35,4/1/2009,
310,Veronica polifolia,White,Blue,16,Med,6,19,20,4/1/2009,
311,Veronica polita,Medium Purple,Mint Green,36,High,12,18,10,4/1/2009,
312,Veronica polium,Light Purple,White,60,Med,9,24,0,4/1/2009,
313,Veronica poljensis,Blue,White,2,All,10,12,20,4/1/2009,
314,Veronica ponae,Dark Purple,,6,Med,15,20,30,4/1/2009,
315,Veronica poppelwellii,Fushia,,72,Low,20,25,40,4/1/2009,
316,Veronica porphyriana,White,Blue,48,Med,5,12,75,4/1/2009,
317,Veronica praecox,Medium Purple,Mint Green,2,High,5,7,92,4/1/2009,
318,Veronica propinqua,Light Purple,White,2,Med,7.5,15,150,4/1/2009,
319,Veronica prostrata,Blue,,4,Low,19,25,200,4/1/2009,
320,Veronica pubescens,Dark Purple,,18,All,16,30,230,4/1/2009,
321,Veronica pusilla,Fushia,,24,Low,12,40,85,4/1/2009,
322,Veronica pyrethrina,White,White,9,Med,11,15,97,4/1/2009,
323,Veronica qingheensis,Medium Purple,,16,High,21,35,60,4/1/2009,
324,Veronica quadrifaria,Light Purple,,2,Med,7,12,25,4/1/2009,
325,Veronica quezelii,Blue,Blue,6,Low,3,15,45,4/1/2009,
326,Veronica rakaiensis,Dark Purple,Mint Green,72,Med,15,18,90,4/1/2009,
327,Veronica ramosissima,Fushia,White,48,Low,9,12,75,4/1/2009,
328,Veronica ranunculina,White,Blue,2,Med,16,22,60,4/1/2009,
329,Veronica raoulii,Medium Purple,Mint Green,60,High,19,32,90,4/1/2009,
330,Veronica rapensis,Light Purple,White,4,Med,4.8,7.5,540,4/1/2009,
331,Veronica rechingeri,Blue,White,18,Low,17,34,72,4/1/2009,
332,Veronica regina-nivalis,Dark Purple,,24,Med,14,40,50,4/1/2009,
333,Veronica repens,Purple,,2,,18,24,37,4/1/2009,prefers full sun; soil should be moist
334,Veronica reuteriana,Fushia,,9,Low,7,12,35,4/1/2009,
335,Veronica rhodopea,White,Blue,16,Med,6,19,20,4/1/2009,
336,Veronica riae,Medium Purple,Mint Green,36,High,12,18,10,4/1/2009,
337,Veronica rigidula,Light Purple,White,60,Med,9,24,0,4/1/2009,
338,Veronica ritteriana,Blue,White,2,Low,10,12,20,4/1/2009,
339,Veronica robusta,Dark Purple,,6,Med,15,20,30,4/1/2009,
340,Veronica rockii,Fushia,,72,Low,20,25,40,4/1/2009,
341,Veronica rosea,White,Blue,48,Med,5,12,75,4/1/2009,
342,Veronica rotunda,Medium Purple,Mint Green,2,High,5,7,92,4/1/2009,
343,Veronica rubra,Light Purple,White,2,Med,7.5,15,150,4/1/2009,
344,Veronica rubrifolia,Blue,,4,All,19,25,200,4/1/2009,
345,Veronica rupicola,Dark Purple,,18,Low,16,30,230,4/1/2009,
346,Veronica ruprechtii,Fushia,,24,Med,12,40,85,4/1/2009,
347,Veronica sachalinensis,White,White,9,Low,11,15,97,4/1/2009,
348,Veronica sajanensis,Medium Purple,,16,Med,21,35,60,4/1/2009,
349,Veronica salicifolia,Light Purple,,2,High,7,12,25,4/1/2009,
350,Veronica salicornioides,Blue,Blue,6,Med,3,15,45,4/1/2009,
351,Veronica samuelssonii,Dark Purple,Mint Green,72,Low,15,18,90,4/1/2009,
352,Veronica sartoriana,Fushia,White,48,All,9,12,75,4/1/2009,
353,Veronica saturejoides,White,Blue,2,Low,16,22,60,4/1/2009,
354,Veronica saxosa,Medium Purple,Mint Green,60,Med,19,32,90,4/1/2009,
355,Veronica scardica,Light Purple,White,4,High,4.8,7.5,540,4/1/2009,
356,Veronica scheereri,Blue,White,18,Med,17,34,72,4/1/2009,
357,Veronica schistosa,Dark Purple,,24,Low,14,40,50,4/1/2009,
358,Veronica schizantha,Fushia,,9,Med,7,12,35,4/1/2009,
359,Veronica schmidtiana,White,Blue,16,Low,6,19,20,4/1/2009,
360,Veronica scopulorum,Medium Purple,Mint Green,36,Med,12,18,10,4/1/2009,
361,Veronica scutellata,Light Purple,White,60,High,9,24,0,4/1/2009,
362,Veronica senex,Blue,White,2,Med,10,12,20,4/1/2009,
363,Veronica sennenii,Dark Purple,,6,All,15,20,30,4/1/2009,
364,Veronica serpyllifolia,Fushia,,72,Med,20,25,40,4/1/2009,
365,Veronica serpylloides,White,Blue,48,Low,5,12,75,4/1/2009,
366,Veronica siaretensis,Medium Purple,Mint Green,2,Med,5,7,92,4/1/2009,
367,Veronica sibthorpioides,Light Purple,White,2,High,7.5,15,150,4/1/2009,
368,Veronica sieboldiana,Blue,,4,Med,19,25,200,4/1/2009,
369,Veronica sieboldiana,Dark Purple,,18,Low,16,30,230,4/1/2009,
370,Veronica simensis,Fushia,,24,All,12,40,85,4/1/2009,
371,Veronica sobolifera,White,White,9,Low,11,15,97,4/1/2009,
372,Veronica societatis,Medium Purple,,16,Med,21,35,60,4/1/2009,
373,Veronica spathulata,Light Purple,,2,High,7,12,25,4/1/2009,
374,Veronica speciosa,Blue,Blue,6,Med,3,15,45,4/1/2009,
375,Veronica spectabilis,Dark Purple,Mint Green,72,Low,15,18,90,4/1/2009,
376,Veronica spicata,Blue,Pink,18,Med,9,12,75,4/1/2009,prefers partial shade or partial sun to full sun; soil should be moist
377,Veronica spuria,White,Blue,2,Low,16,22,60,4/1/2009,
378,Veronica stamatiadae,Medium Purple,Mint Green,60,Med,19,32,90,4/1/2009,
379,Veronica stelleri,Light Purple,White,4,High,4.8,7.5,540,4/1/2009,
380,Veronica stenophylla,Blue,White,18,Med,17,34,72,4/1/2009,
381,Veronica stewartii,Dark Purple,,24,Low,14,40,50,4/1/2009,
382,Veronica stricta,Fushia,,9,Med,7,12,35,4/1/2009,
383,Veronica strictissima,White,Blue,16,Low,6,19,20,4/1/2009,
384,Veronica strigosa,Medium Purple,Mint Green,36,Med,12,18,10,4/1/2009,
385,Veronica stylophora,Light Purple,White,60,High,9,24,0,4/1/2009,
386,Veronica subalpina,Blue,White,2,Med,10,12,20,4/1/2009,
387,Veronica subfulvida,Dark Purple,,6,Low,15,20,30,4/1/2009,
388,Veronica subsessilis,Fushia,,72,Med,20,25,40,4/1/2009,
389,Veronica subtilis,White,Blue,48,Low,5,12,75,4/1/2009,
390,Veronica surculosa,Medium Purple,Mint Green,2,Med,5,7,92,4/1/2009,
391,Veronica sutchuensis,Light Purple,White,2,High,7.5,15,150,4/1/2009,
392,Veronica syriaca,Blue,,4,Med,19,25,200,4/1/2009,
393,Veronica szechuanica,Dark Purple,,18,All,16,30,230,4/1/2009,
394,Veronica taigischensis,Fushia,,24,Low,12,40,85,4/1/2009,
395,Veronica tairawhiti,White,White,9,Med,11,15,97,4/1/2009,
396,Veronica taiwanalpina,Medium Purple,,16,Low,21,35,60,4/1/2009,
397,Veronica taiwanica,Light Purple,,2,Med,7,12,25,4/1/2009,
398,Veronica taurica,Blue,Blue,6,High,3,15,45,4/1/2009,
399,Veronica tauricola,Dark Purple,Mint Green,72,Med,15,18,90,4/1/2009,
400,Veronica teberdensis,Fushia,White,48,Low,9,12,75,4/1/2009,
401,Veronica telephiifolia,White,Blue,2,All,16,22,60,4/1/2009,
402,Veronica tenuifolia,Medium Purple,Mint Green,60,Low,19,32,90,4/1/2009,
403,Veronica tenuissima,Light Purple,White,4,Med,4.8,7.5,540,4/1/2009,
404,Veronica tetragona,Blue,White,18,High,17,34,72,4/1/2009,
405,Veronica tetrasticha,Dark Purple,,24,Med,14,40,50,4/1/2009,
406,Veronica teucrium,Blue,,18,Low,7,12,35,4/1/2009,
407,Veronica thessalica,White,Blue,16,Med,6,19,20,4/1/2009,
408,Veronica thomsonii,Medium Purple,Mint Green,36,Low,12,18,10,4/1/2009,
409,Veronica thymifolia,Light Purple,White,60,Med,9,24,0,4/1/2009,
410,Veronica thymoides,Blue,White,2,High,10,12,20,4/1/2009,
411,Veronica tianschanica,Dark Purple,,6,Med,15,20,30,4/1/2009,
412,Veronica tibetica,Fushia,,72,All,20,25,40,4/1/2009,
413,Veronica topiaria,White,Blue,48,Med,5,12,75,4/1/2009,
414,Veronica townsonii,Medium Purple,Mint Green,2,Low,5,7,92,4/1/2009,
415,Veronica traversii,Light Purple,White,2,Med,7.5,15,150,4/1/2009,
416,Veronica treadwellii,Blue,,4,High,19,25,200,4/1/2009,
417,Veronica trichadena,Dark Purple,,18,Med,16,30,230,4/1/2009,
418,Veronica trifida,Fushia,,24,Low,12,40,85,4/1/2009,
419,Veronica triloba,White,White,9,All,11,15,97,4/1/2009,
420,Veronica triphyllos,Medium Purple,,16,Low,21,35,60,4/1/2009,
421,Veronica truncatula,Light Purple,,2,Med,7,12,25,4/1/2009,
422,Veronica tsinglingensis,Blue,Blue,6,High,3,15,45,4/1/2009,
423,Veronica tubata,Dark Purple,Mint Green,72,Med,15,18,90,4/1/2009,
424,Veronica tumida,Fushia,White,48,Low,9,12,75,4/1/2009,
425,Veronica turrilliana,White,Blue,2,Med,16,22,60,4/1/2009,
426,Veronica umbrosa,Medium Purple,Mint Green,60,Low,19,32,90,4/1/2009,
427,Veronica undulata,Light Purple,White,4,Med,4.8,7.5,540,4/1/2009,
428,Veronica urticifolia,Blue,White,18,High,17,34,72,4/1/2009,
429,Veronica urvilleana,Dark Purple,,24,Med,14,40,50,4/1/2009,
430,Veronica utahensis,Fushia,,9,Low,7,12,35,4/1/2009,
431,Veronica vandellioides,White,Blue,16,Med,6,19,20,4/1/2009,
432,Veronica vanderwateri,Medium Purple,Mint Green,36,Low,12,18,10,4/1/2009,
433,Veronica velutina,Light Purple,White,60,Med,9,24,0,4/1/2009,
434,Veronica vendetta-deae,Blue,White,2,High,10,12,20,4/1/2009,
435,Veronica venustula,Dark Purple,,6,Med,15,20,30,4/1/2009,
436,Veronica verna,Fushia,,72,Low,20,25,40,4/1/2009,
437,Veronica vernicosa,White,Blue,48,Med,5,12,75,4/1/2009,
438,Veronica vindobonensis,Medium Purple,Mint Green,2,Low,5,7,92,4/1/2009,
439,Veronica viscosa,Light Purple,White,2,Med,7.5,15,150,4/1/2009,
440,Veronica wormskjoldii,Blue,,4,High,19,25,200,4/1/2009,
441,Veronica wyomingensis,Dark Purple,,18,Med,16,30,230,4/1/2009,
442,Veronica yildirimlii,Fushia,,24,All,12,40,85,4/1/2009,
443,Veronica yunnanensis,White,White,9,Med,11,15,97,4/1/2009,
444,Veronica yushanchienshanica,Medium Purple,,16,Low,21,35,60,4/1/2009,
445,Veronica zygantha,Light Purple,,2,Med,7,12,25,4/1/2009,
